store_name,year,region,opening_rate,closure_rate,total_change,franchise_count,asset,liability,equity,revenue,operating_income,net_income,advertising_expense,average_sales,initial_cost,interior_cost,average_sales_per_area,business_fee,contract_initial,contract_renewal
설빙,2020-2023,서울,15.881833059194271,2.557270095121573,108,230,57128706,8333068,48795638,26108962,10922443,10123531,845929,657566,177560,61050,12596,19300,2,2
빙달,2020-2023,서울,19.990059019232522,9.33882508431319,17,49,239441,112973,126468,1337438,18095,6559,0,54632,43065,17490,0,11000,2,1
요거트아이스크림의정석,2020-2023,서울,46.132429748265075,3.386439875123631,166,69,1897934,941287,956647,5096545,287236,263182,80829,255686,50200,22000,20305,12800,2,1
배스킨라빈스,2020-2023,서울,11.510244094254148,1.7202648429157212,257,803,681062389,101530284,579532105,791669387,33858793,33215358,8076344,662486,318850,90000,35539,50450,3,1
