store_name,year,region,opening_rate,closure_rate,total_change,franchise_count,asset,liability,equity,revenue,operating_income,net_income,advertising_expense,average_sales,initial_cost,interior_cost,average_sales_per_area,business_fee,contract_initial,contract_renewal
지에스25(GS25),2020-2023,서울,14.788918480756456,3.6390106192643827,2679,9180,{'$numberLong': '8218723000'},{'$numberLong': '4136191000'},{'$numberLong': '4082532000'},{'$numberLong': '10886895000'},314982000,-24548000,20216000,742281,23030,0,37762,71700,5,5
로그인편의점,2020-2023,서울,27.29044834307992,33.312447786132,-36,28,13433959,6860161,6573798,1403136,71538,75483,0,227355,90300,27500,37514,13300,3,3
베스트올,2020-2023,서울,0.0,0.0,-25,25,305792,386568,-80776,35862,-190711,-163899,0,0,94200,70000,0,2200,2,2
간식창고,2020-2023,서울,48.95789694176792,11.06514453288647,63,27,70837,20726,50111,980577,-9629,12292,22010,205503,14850,6600,17253,0,2,2
씨스페이스24(CSPACE24),2020-2023,서울,45.14016793771011,35.76822719517722,12,94,9792057,7438177,2353880,56042878,-234012,-190867,38449,226007,104380,28600,16176,37150,2,2
레몬비,2020-2023,서울,40.344357735662086,64.33791651182956,-16,16,0,114645,-114645,5,-383029,-383029,0,0,66550,41800,0,3300,3,1
