store_name,year,region,opening_rate,closure_rate,total_change,franchise_count,asset,liability,equity,revenue,operating_income,net_income,advertising_expense,average_sales,initial_cost,interior_cost,average_sales_per_area,business_fee,contract_initial,contract_renewal
지에스25(GS25),2020-2023,서울,14.788918480756456,3.6390106192643827,2679,9180,8218723000,4136191000,4082532000,10886895000,314982000,-24548000,20216000,742281,23030,0,37762,71700,5,5
씨스페이스24(CSPACE24),2020-2023,서울,45.14016793771011,35.76822719517722,12,94,9792057,7438177,2353880,56042878,-234012,-190867,38449,226007,104380,28600,16176,37150,2,2
아이지에이마트,2020-2023,서울,26.902006727645574,38.394254337956376,-45,96,3591338,1950819,1640519,6106284,-57719,-86474,26455,237185,46300,13200,16956,3300,2,2
